NUMRAT,HYIG,AGENCY,RATCHAR
1,IG,MOODY,Aaa
1,IG,S.P,AAA
1,IG,COMP,AAA
1,IG,FITCH,AAA
1,IG,FVIDX,AAA
2,IG,MOODY,Aa1
2,IG,S.P,AA+
2,IG,COMP,AA+
2,IG,FITCH,AA+
2,IG,FVIDX,AA
3,IG,MOODY,Aa2
3,IG,S.P,AA
3,IG,COMP,AA
3,IG,FITCH,AA
3,IG,FVIDX,AA
4,IG,MOODY,Aa3
4,IG,S.P,AA-
4,IG,COMP,AA-
4,IG,FITCH,AA-
4,IG,FVIDX,AA
5,IG,MOODY,A1
5,IG,S.P,A+
5,IG,COMP,A+
5,IG,FITCH,A+
5,IG,FVIDX,A
6,IG,MOODY,A2
6,IG,S.P,A
6,IG,COMP,A
6,IG,FITCH,A
6,IG,FVIDX,A
7,IG,MOODY,A3
7,IG,S.P,A-
7,IG,COMP,A-
7,IG,FITCH,A-
7,IG,FVIDX,A
8,IG,MOODY,Baa1
8,IG,S.P,BBB+
8,IG,COMP,BBB+
8,IG,FITCH,BBB+
8,IG,FVIDX,BBB
9,IG,MOODY,Baa2
9,IG,S.P,BBB
9,IG,COMP,BBB
9,IG,FITCH,BBB
9,IG,FVIDX,BBB
10,IG,MOODY,Baa3
10,IG,S.P,BBB-
10,IG,COMP,BBB-
10,IG,FITCH,BBB-
10,IG,FVIDX,BBB
11,HY,MOODY,Ba1
11,HY,S.P,BB+
11,HY,COMP,BB+
11,HY,FITCH,BB+
11,HY,FVIDX,BB
12,HY,MOODY,Ba2
12,HY,S.P,BB
12,HY,COMP,BB
12,HY,FITCH,BB
12,HY,FVIDX,BB
13,HY,MOODY,Ba3
13,HY,S.P,BB-
13,HY,COMP,BB-
13,HY,FITCH,BB-
13,HY,FVIDX,BB
14,HY,MOODY,B1
14,HY,S.P,B+
14,HY,COMP,B+
14,HY,FITCH,B+
14,HY,FVIDX,B
15,HY,MOODY,B2
15,HY,S.P,B
15,HY,COMP,B
15,HY,FITCH,B
15,HY,FVIDX,B
16,HY,MOODY,B3
16,HY,S.P,B-
16,HY,COMP,B-
16,HY,FITCH,B-
16,HY,FVIDX,B
17,HY,MOODY,Caa1
17,HY,S.P,CCC+
17,HY,COMP,CCC+
17,HY,FITCH,CCC+
17,HY,FVIDX,CCC
18,HY,MOODY,Caa2
18,HY,S.P,CCC
18,HY,COMP,CCC
18,HY,FITCH,CCC
18,HY,FVIDX,CCC
19,HY,MOODY,Caa3
19,HY,S.P,CCC-
19,HY,COMP,CCC-
19,HY,FITCH,CCC-
19,HY,FVIDX,CCC
20,HY,MOODY,Ca
20,HY,S.P,CC
20,HY,COMP,CC
20,HY,FITCH,CC
20,HY,FVIDX,C
21,HY,MOODY,C
21,HY,S.P,C
21,HY,COMP,C
21,HY,FITCH,C
21,HY,FVIDX,C
22,HY,MOODY,D
22,HY,S.P,D
22,HY,COMP,DDD
22,HY,FITCH,D
22,HY,FVIDX,D
23,HY,MOODY,DDD
23,HY,S.P,DDD
23,HY,COMP,DDD
23,HY,FITCH,DDD
23,HY,FVIDX,DDD
90,HY,MOODY,SD
90,HY,S.P,SD
90,HY,COMP,SD
90,HY,FITCH,SD
90,HY,FVIDX,SD
95,HY,MOODY,RD
95,HY,S.P,RD
95,HY,COMP,RD
95,HY,FITCH,RD
95,HY,FVIDX,RD
98,UU,MOODY,UU
98,UU,S.P,UU
98,UU,COMP,UU
98,UU,FITCH,UU
98,UU,FVIDX,UU
99,WD,MOODY,WD
99,WD,S.P,WD
99,WD,COMP,WD
99,WD,FITCH,WD
99,WD,FVIDX,WD
0,NA,MOODY,NA
0,NA,S.P,NA
0,NA,COMP,NA
0,NA,FITCH,NA
0,NA,FVIDX,NA
